{
  "regions": [
    {
      "name": "区域_1",
      "region": [
        211,
        108,
        292,
        180
      ],
      "enabled": true
    },
    {
      "name": "区域_2",
      "region": [
        456,
        109,
        533,
        181
      ],
      "enabled": true
    },
    {
      "name": "区域_3",
      "region": [
        686,
        108,
        765,
        181
      ],
      "enabled": true
    },
    {
      "name": "区域_4",
      "region": [
        211,
        377,
        289,
        448
      ],
      "enabled": true
    },
    {
      "name": "区域_5",
      "region": [
        447,
        376,
        525,
        445
      ],
      "enabled": true
    },
    {
      "name": "区域_6",
      "region": [
        685,
        375,
        762,
        445
      ],
      "enabled": true
    }
  ],
  "timestamp": 1758355165.9970114
}