{
  "regions": [
    {
      "name": "区域_1",
      "region": [
        204,
        108,
        297,
        180
      ],
      "enabled": true
    },
    {
      "name": "区域_2",
      "region": [
        446,
        103,
        540,
        184
      ],
      "enabled": true
    },
    {
      "name": "区域_3",
      "region": [
        684,
        105,
        770,
        180
      ],
      "enabled": true
    },
    {
      "name": "区域_4",
      "region": [
        213,
        374,
        295,
        453
      ],
      "enabled": true
    },
    {
      "name": "区域_5",
      "region": [
        444,
        364,
        528,
        446
      ],
      "enabled": true
    },
    {
      "name": "区域_6",
      "region": [
        672,
        364,
        770,
        448
      ],
      "enabled": true
    }
  ],
  "timestamp": 1758354523.0288239
}